Flight Number,Origin,Destination,Departure Time,Arrival Time,Delay (min),Cancelled,Passenger Age,Passenger Gender,Ticket Class,Satisfaction Score,Ticket Price,Ancillary Revenue,Fuel Cost,Profit
FL7654,SEA,DEN,07/07/2023 04:01,07/07/2023 09:43,41,FALSE,68,Other,First,3.2,1710.69,92.57,18998.64,-17195.38
FL3304,BOS,DFW,05/07/2023 12:39,05/07/2023 14:50,0,FALSE,70,Other,Economy,3,924.96,156.38,8775.28,-7693.94
FL3063,ATL,DFW,09/08/2023 12:57,09/08/2023 17:13,168,FALSE,49,Female,Premium Economy,3.1,621.04,216.17,15363.93,-14526.72
FL3920,DEN,JFK,10/09/2023 09:08,10/09/2023 16:01,0,FALSE,60,Male,Economy,5,160.03,64.58,16426.27,-16201.66
FL9594,JFK,LAX,06/03/2023 02:52,06/03/2023 07:50,0,FALSE,62,Other,Premium Economy,2.3,453.64,41.47,11468.43,-10973.32
FL6612,MIA,ORD,03/09/2023 00:53,03/09/2023 04:36,0,FALSE,26,Other,Business,4.9,1513.3,138.36,12627.32,-10975.66
FL2440,BOS,JFK,10/04/2023 09:37,10/04/2023 16:29,0,FALSE,26,Male,Business,3.5,735.46,240.6,10521.69,-9545.63
FL8168,ATL,SEA,06/06/2023 16:09,06/06/2023 20:56,0,TRUE,69,Female,Business,3.6,285.54,29.06,18726.91,-18412.31
FL8209,MIA,JFK,23/04/2023 01:46,23/04/2023 07:47,0,FALSE,42,Male,Economy,4.8,1395.02,203.83,9067.34,-7468.49
FL2857,SEA,DEN,13/04/2023 00:55,13/04/2023 05:00,0,FALSE,73,Male,Economy,3.9,1188.12,211.09,12243.4,-10844.19
FL8899,ATL,DFW,05/05/2023 19:05,05/05/2023 23:43,0,TRUE,63,Male,First,3.4,754.04,180.26,14432.87,-13498.57
FL8078,DEN,MIA,20/09/2023 19:13,20/09/2023 21:50,0,FALSE,28,Other,Premium Economy,2.9,1199.54,243.17,11982.94,-10540.23
FL8011,ORD,SFO,10/12/2023 04:28,10/12/2023 09:30,0,FALSE,73,Female,First,1.7,907.24,51.83,16454.14,-15495.07
FL9620,ATL,JFK,07/07/2023 08:25,07/07/2023 14:54,0,FALSE,22,Other,Economy,5,1798.95,133.91,18879.54,-16946.68
FL5740,JFK,DFW,26/09/2023 18:49,26/09/2023 21:55,48,TRUE,54,Female,Business,2.6,1088.17,107.63,17680.3,-16484.5
FL7264,DFW,JFK,25/08/2023 11:50,25/08/2023 17:52,0,FALSE,49,Male,First,1.7,935.58,169.12,10440.43,-9335.73
FL6294,ATL,DEN,08/11/2023 18:23,08/11/2023 22:45,70,FALSE,70,Male,Economy,1.8,631.15,292.6,14986.92,-14063.17
FL4564,SEA,ORD,28/01/2023 04:32,28/01/2023 09:08,0,TRUE,65,Female,First,1.6,645.14,179.33,5184,-4359.53
FL3744,LAX,ORD,12/11/2023 11:35,12/11/2023 15:44,0,FALSE,18,Other,Premium Economy,2,1637.72,78.09,19292.24,-17576.43
FL6067,ATL,LAX,18/09/2023 19:00,18/09/2023 23:30,58,FALSE,32,Male,Business,4.8,1501.68,260.31,17088.26,-15326.27
FL5926,LAX,DFW,26/03/2023 01:16,26/03/2023 07:54,0,TRUE,44,Other,First,4.9,827.09,22.22,10299.09,-9449.78
FL7130,ORD,ATL,06/09/2023 00:59,06/09/2023 04:42,0,FALSE,64,Other,Economy,2.7,138.32,161.6,15624.41,-15324.49
FL9849,MIA,DEN,10/06/2023 05:01,10/06/2023 07:41,0,FALSE,39,Other,Premium Economy,2.2,646.18,270.78,9882.91,-8965.95
FL8640,ATL,DEN,05/07/2023 11:22,05/07/2023 15:36,0,FALSE,60,Male,First,1.2,1462.88,30.91,8500.34,-7006.55
FL9011,BOS,ORD,26/04/2023 14:01,26/04/2023 19:32,0,FALSE,59,Female,Premium Economy,2.5,367.36,90.54,8849.68,-8391.78
FL4716,JFK,DEN,15/01/2023 11:51,15/01/2023 16:18,0,FALSE,33,Female,Economy,1.8,823.05,157.3,17193.19,-16212.84
FL1766,BOS,DFW,16/05/2023 20:12,17/05/2023 02:10,0,FALSE,56,Male,Premium Economy,1.1,1906.18,122.72,16921.25,-14892.35
FL6455,BOS,MIA,19/03/2023 08:06,19/03/2023 14:27,0,TRUE,42,Other,Premium Economy,2.9,537.37,128.86,19361.86,-18695.63
FL2457,LAX,SFO,28/12/2023 23:51,29/12/2023 06:30,0,TRUE,47,Male,Business,1.8,1056.98,108.29,19870.98,-18705.71
FL1076,ORD,DEN,20/12/2023 09:00,20/12/2023 13:55,59,FALSE,51,Female,Economy,5,310.32,125.94,17951.64,-17515.38
FL3825,JFK,ORD,13/01/2023 21:45,14/01/2023 03:15,0,FALSE,55,Female,Economy,3.8,865.97,197.79,5028.04,-3964.28
FL1108,LAX,SEA,25/09/2023 10:48,25/09/2023 16:04,0,FALSE,68,Other,Premium Economy,4,441.73,44.32,14081.22,-13595.17
FL2409,DEN,BOS,21/07/2023 20:14,22/07/2023 02:33,6,FALSE,20,Other,First,5,1538.2,270.61,14982.49,-13173.68
FL8535,DFW,BOS,21/07/2023 07:38,21/07/2023 14:26,98,FALSE,56,Female,Business,4,508.26,24.76,11904.8,-11371.78
FL3188,SEA,DFW,03/08/2023 18:39,04/08/2023 00:42,0,TRUE,52,Female,First,3.5,508.08,12.61,6052.3,-5531.61
FL2211,LAX,ORD,07/09/2023 13:40,07/09/2023 15:46,0,FALSE,54,Female,Business,1.3,1037.25,19.96,8543.81,-7486.6
FL2273,SFO,JFK,09/06/2023 18:53,09/06/2023 21:45,0,FALSE,46,Female,First,2.4,1386.13,36.91,17864.33,-16441.29
FL5673,BOS,MIA,04/03/2023 11:30,04/03/2023 14:11,0,TRUE,23,Other,Business,4.6,1699.5,82.91,11868.98,-10086.57
FL3653,ATL,SEA,24/04/2023 23:10,25/04/2023 05:02,0,FALSE,49,Male,First,1.8,1784.54,264.86,16801.28,-14751.88
FL6407,DEN,SEA,06/12/2023 13:49,06/12/2023 17:31,168,FALSE,39,Other,Business,4.1,398.55,97.04,9910.1,-9414.51
FL1227,JFK,ATL,27/12/2023 19:02,27/12/2023 23:22,0,FALSE,62,Other,Business,3.6,837.29,181.46,9706.23,-8687.48
FL6568,DFW,BOS,21/02/2023 07:03,21/02/2023 11:09,138,FALSE,73,Male,Premium Economy,4.8,732.42,266.5,19369.1,-18370.18
FL6809,SEA,SFO,23/04/2023 15:57,23/04/2023 22:11,0,FALSE,48,Female,Business,1.4,1088.89,17.25,5012.5,-3906.36
FL4577,DEN,MIA,05/06/2023 02:40,05/06/2023 05:33,28,FALSE,51,Male,Economy,4.6,757.5,169.3,11293.35,-10366.55
FL6005,MIA,DFW,17/01/2023 05:32,17/01/2023 11:21,0,FALSE,72,Other,Business,4.8,619.2,113.35,13752.36,-13019.81
FL4810,BOS,MIA,06/08/2023 09:57,06/08/2023 14:03,0,TRUE,53,Other,Economy,2.4,974.62,43.87,7014.8,-5996.31
FL4307,MIA,SFO,15/06/2023 23:05,16/06/2023 04:11,0,TRUE,72,Male,First,3.3,521.03,77.17,10949.36,-10351.16
FL9772,SEA,ATL,06/02/2023 03:46,06/02/2023 10:45,10,TRUE,19,Male,Premium Economy,3.4,897.41,79.21,9944.86,-8968.24
FL8569,MIA,JFK,18/03/2023 11:35,18/03/2023 14:03,0,FALSE,80,Other,Premium Economy,3.8,987.89,34.15,11581.43,-10559.39
FL8275,SEA,JFK,10/10/2023 13:50,10/10/2023 16:41,0,FALSE,62,Other,Premium Economy,2.7,1434.21,192.81,19141.7,-17514.68
FL5015,ORD,DFW,21/04/2023 05:52,21/04/2023 08:21,0,FALSE,47,Male,Premium Economy,3,446.73,56.38,12884.03,-12380.92
FL3885,ORD,DFW,15/01/2023 19:04,15/01/2023 21:18,0,FALSE,41,Other,Premium Economy,1.9,1804.18,214.05,5762.89,-3744.66
FL8625,JFK,MIA,20/03/2023 21:30,21/03/2023 01:59,5,FALSE,38,Other,Business,4.1,832.56,128.26,11530.5,-10569.68
FL9959,MIA,ORD,01/08/2023 12:32,01/08/2023 15:00,0,FALSE,67,Male,First,4.5,924.14,254.07,11300.28,-10122.07
FL1248,SEA,BOS,05/02/2023 10:47,05/02/2023 16:39,59,TRUE,78,Other,Economy,1.6,623.06,29.56,19092.21,-18439.59
FL2570,LAX,MIA,05/12/2023 18:07,06/12/2023 00:41,0,FALSE,58,Male,Premium Economy,2,726.69,237.22,8460.54,-7496.63
FL3862,DEN,SEA,06/06/2023 20:57,07/06/2023 02:14,55,FALSE,66,Other,Premium Economy,4.1,1052.52,52.1,18647.58,-17542.96
FL5582,SFO,DFW,22/08/2023 00:14,22/08/2023 03:56,0,FALSE,23,Male,First,4.8,1990.1,22.08,10209.94,-8197.76
FL5298,SFO,MIA,16/09/2023 21:35,17/09/2023 00:57,84,TRUE,37,Female,Economy,2.9,1092.79,235.8,13321.43,-11992.84
FL8918,ATL,DEN,22/12/2023 14:52,22/12/2023 20:40,0,FALSE,38,Other,First,4,1665.57,19.78,6264.42,-4579.07
FL7562,DEN,BOS,17/04/2023 05:24,17/04/2023 11:11,0,FALSE,34,Other,Premium Economy,3.2,1126.08,4.68,15890.16,-14759.4
FL7939,SFO,LAX,18/05/2023 02:35,18/05/2023 04:47,0,FALSE,53,Male,Premium Economy,4.3,402.38,291.12,15233.54,-14540.04
FL4613,LAX,MIA,15/10/2023 00:55,15/10/2023 05:48,0,FALSE,18,Male,Business,2.8,1936.19,135.98,5362.63,-3290.46
FL8273,ATL,BOS,13/10/2023 01:12,13/10/2023 06:37,0,TRUE,76,Female,Business,1.2,1180.76,195.33,6778.24,-5402.15
FL8134,ATL,BOS,17/05/2023 22:04,18/05/2023 03:11,0,TRUE,37,Female,Business,3.9,254.33,232.24,16736.4,-16249.83
FL2368,SFO,MIA,04/07/2023 03:46,04/07/2023 07:33,0,FALSE,76,Male,Premium Economy,2.8,1900.45,134.02,8815.45,-6780.98
FL3529,SEA,MIA,04/03/2023 06:22,04/03/2023 08:49,0,FALSE,71,Female,Business,4,1764.2,159.25,8621.3,-6697.85
FL7955,DFW,ATL,13/02/2023 00:45,13/02/2023 07:05,0,FALSE,59,Female,Economy,2.7,750.91,35.68,16950.58,-16163.99
FL3940,ORD,SFO,05/05/2023 13:26,05/05/2023 20:16,0,TRUE,40,Other,First,1,1993.78,246.62,16462.26,-14221.86
FL5943,LAX,DFW,07/07/2023 05:13,07/07/2023 08:19,149,FALSE,25,Male,Premium Economy,2.8,1521.82,282.08,15666.94,-13863.04
FL5325,SEA,ATL,24/07/2023 06:35,24/07/2023 10:31,0,FALSE,38,Other,Business,2.6,390.11,185.22,17292.36,-16717.03
FL3340,BOS,DEN,09/03/2023 11:23,09/03/2023 15:34,0,TRUE,28,Female,Economy,3.9,263.4,164.76,12238.02,-11809.86
FL8193,BOS,ORD,26/01/2023 20:06,27/01/2023 02:55,37,FALSE,64,Male,Premium Economy,4.8,730.95,211.35,15285.01,-14342.71
FL2685,SEA,SFO,21/09/2023 23:05,22/09/2023 05:12,0,FALSE,54,Other,Premium Economy,3,755.83,60.26,5100.5,-4284.41
FL9295,SEA,DFW,08/05/2023 13:00,08/05/2023 15:03,0,FALSE,31,Male,Business,3,856.98,20.09,13044.27,-12167.2
FL1252,DEN,LAX,22/01/2023 23:40,23/01/2023 01:45,64,TRUE,51,Male,First,2.9,945.64,241.57,12563.75,-11376.54
FL6337,BOS,MIA,19/06/2023 16:08,19/06/2023 22:32,52,FALSE,37,Female,Business,1.2,1820.59,39.23,17595.87,-15736.05
FL9968,SFO,MIA,14/11/2023 01:06,14/11/2023 05:38,0,FALSE,79,Female,Premium Economy,3,1135.99,7.24,9009.94,-7866.71
FL2781,BOS,DEN,28/07/2023 19:16,29/07/2023 02:02,102,TRUE,49,Male,Premium Economy,1.4,1639.67,153.18,11052.16,-9259.31
FL2670,ORD,DEN,23/07/2023 08:07,23/07/2023 14:51,0,FALSE,74,Male,Premium Economy,4.3,1221.07,253.95,13725.43,-12250.41
FL5406,JFK,BOS,20/08/2023 05:49,20/08/2023 12:25,0,TRUE,68,Other,Economy,4.5,1877.5,42.51,14843.03,-12923.02
FL1789,LAX,ATL,03/09/2023 08:56,03/09/2023 15:47,0,FALSE,19,Female,Premium Economy,1.5,449.57,166.42,12804.65,-12188.66
FL2795,LAX,MIA,08/06/2023 16:38,08/06/2023 19:12,0,FALSE,19,Male,First,3,926.77,132.38,9736.9,-8677.75
FL5171,DEN,SFO,08/10/2023 18:52,09/10/2023 01:29,29,FALSE,52,Other,Economy,2.1,832.92,99.08,13432.16,-12500.16
FL8993,MIA,BOS,14/02/2023 05:21,14/02/2023 08:19,0,TRUE,27,Male,Business,4.9,1300.17,6.86,6003.75,-4696.72
FL7014,DEN,BOS,10/10/2023 22:50,11/10/2023 03:57,0,TRUE,41,Male,Economy,4.2,948.7,127.02,6787.62,-5711.9
FL6454,ORD,SFO,13/07/2023 14:07,13/07/2023 19:07,0,FALSE,21,Other,Premium Economy,3.8,585.97,205.57,19065.38,-18273.84
FL9750,DFW,JFK,26/10/2023 02:43,26/10/2023 05:08,179,FALSE,39,Female,Business,4.1,1579.77,293.31,11576.13,-9703.05
FL7196,ATL,BOS,27/07/2023 05:26,27/07/2023 08:50,0,FALSE,59,Female,First,4.2,1742.03,258.63,13336.94,-11336.28
FL7135,DFW,SEA,15/04/2023 07:29,15/04/2023 13:50,0,FALSE,32,Female,First,3.4,1345.95,178.97,5820.59,-4295.67
FL1553,DEN,BOS,22/04/2023 10:09,22/04/2023 16:07,0,FALSE,24,Male,First,3.6,357.74,298.49,6566.34,-5910.11
FL9694,BOS,DEN,04/05/2023 14:26,04/05/2023 17:48,0,FALSE,37,Female,Business,4.6,169.65,272.04,11547.66,-11105.97
FL3380,SEA,DFW,10/05/2023 14:46,10/05/2023 21:35,90,TRUE,28,Female,Business,3.4,591.34,52.04,9485.77,-8842.39
FL6657,BOS,JFK,08/03/2023 06:34,08/03/2023 13:17,0,TRUE,18,Male,Business,3.5,627.86,74.51,14578.74,-13876.37
FL5069,SEA,ATL,15/12/2023 13:56,15/12/2023 17:28,0,TRUE,66,Male,Economy,2.6,859.09,102.25,11813.01,-10851.67
FL1102,JFK,ATL,06/11/2023 05:44,06/11/2023 09:49,0,FALSE,50,Male,Business,2.7,417.24,199.02,7298.37,-6682.11
FL2375,SFO,LAX,26/06/2023 09:18,26/06/2023 13:42,11,FALSE,40,Other,First,2.1,139.27,26.51,8628.59,-8462.81
FL8581,SEA,LAX,18/11/2023 20:14,19/11/2023 02:09,99,FALSE,48,Other,Economy,1.1,709.33,199.73,13437.48,-12528.42
FL9983,BOS,LAX,26/03/2023 02:23,26/03/2023 07:10,0,FALSE,65,Other,Premium Economy,4.2,1378.28,1.88,17073.44,-15693.28
FL6651,DFW,LAX,15/05/2023 03:11,15/05/2023 05:44,108,FALSE,45,Female,Economy,2,190.26,54.43,12626.59,-12381.9
FL3501,MIA,SFO,22/09/2023 23:01,23/09/2023 04:35,0,FALSE,71,Male,First,2.7,1699.04,34.08,8980.89,-7247.77
FL6408,BOS,ORD,17/10/2023 20:57,18/10/2023 00:31,0,FALSE,33,Male,Economy,4.3,1517.57,132.06,9680.7,-8031.07
FL7877,MIA,JFK,13/09/2023 01:36,13/09/2023 06:38,0,FALSE,74,Male,Premium Economy,1.4,1607.18,114.23,14147.54,-12426.13
FL4359,SFO,DFW,24/09/2023 15:27,24/09/2023 21:06,0,FALSE,20,Female,First,2.6,1765.76,257.64,15140.35,-13116.95
FL1374,ORD,JFK,25/07/2023 12:38,25/07/2023 14:41,12,FALSE,24,Male,Premium Economy,1.9,1059.81,123.27,18326.87,-17143.79
FL2159,LAX,JFK,08/05/2023 20:15,08/05/2023 22:32,0,TRUE,62,Male,Economy,1.1,1196.29,59.44,19371.71,-18115.98
FL7113,JFK,SFO,16/09/2023 13:13,16/09/2023 16:03,0,FALSE,58,Other,Premium Economy,1.6,680.01,183.89,7843.59,-6979.69
FL1847,LAX,SEA,07/01/2023 14:42,07/01/2023 18:27,0,FALSE,47,Female,First,4.8,577.58,15.8,16195.52,-15602.14
FL8079,MIA,JFK,26/05/2023 22:29,27/05/2023 02:41,0,FALSE,72,Other,Premium Economy,1.4,870.54,11.43,14180.64,-13298.67
FL8932,ATL,BOS,22/11/2023 08:30,22/11/2023 12:58,0,FALSE,22,Male,Premium Economy,3.4,178.36,284.44,9409.5,-8946.7
FL1977,SFO,ATL,27/08/2023 02:30,27/08/2023 07:22,0,TRUE,69,Female,First,4.2,679.32,208.95,7624.02,-6735.75
FL6988,MIA,LAX,18/02/2023 07:15,18/02/2023 11:21,78,FALSE,21,Male,Premium Economy,3.5,507.06,155.5,5055.38,-4392.82
FL4654,SFO,JFK,15/04/2023 22:00,16/04/2023 03:00,179,FALSE,23,Female,Economy,2.9,1569.14,65.39,18079.56,-16445.03
FL1339,ORD,BOS,07/09/2023 08:23,07/09/2023 13:55,129,FALSE,23,Male,Premium Economy,4.9,1269.02,224.17,19013.78,-17520.59
FL6362,ATL,SFO,02/02/2023 11:03,02/02/2023 15:56,0,TRUE,49,Male,First,3.8,1349.36,211.21,18101.32,-16540.75
FL2072,MIA,JFK,26/10/2023 02:39,26/10/2023 07:47,0,FALSE,73,Other,Business,1.2,493.03,197,10176.08,-9486.05
FL7007,JFK,DFW,17/09/2023 13:04,17/09/2023 18:00,166,TRUE,55,Male,First,2.9,1436.16,16.39,8793.69,-7341.14
FL5493,SEA,ATL,05/03/2023 05:13,05/03/2023 09:57,0,FALSE,38,Female,Premium Economy,3.5,560.68,175.31,11881.72,-11145.73
FL2282,ATL,MIA,19/04/2023 15:26,19/04/2023 19:58,0,TRUE,49,Female,Economy,1.7,608.96,172.69,14230.45,-13448.8
FL2624,LAX,MIA,01/02/2023 21:27,02/02/2023 04:23,0,FALSE,67,Female,Premium Economy,4,1172.3,259.28,8054.54,-6622.96
FL3461,MIA,LAX,16/02/2023 15:16,16/02/2023 17:25,0,FALSE,35,Female,Premium Economy,3.9,627.1,23.94,11585.62,-10934.58
FL5991,ATL,DFW,06/12/2023 21:23,07/12/2023 02:30,0,FALSE,74,Other,Premium Economy,3.9,1931.57,91.47,14148.65,-12125.61
FL8670,DEN,ATL,05/04/2023 18:55,05/04/2023 22:06,0,FALSE,65,Female,First,4.5,1470.71,286.59,16435.53,-14678.23
FL9156,MIA,DEN,27/08/2023 03:34,27/08/2023 10:25,0,TRUE,30,Male,Business,3.1,1799.7,124.99,13149.73,-11225.04
FL1210,ATL,SFO,18/05/2023 01:28,18/05/2023 08:23,0,FALSE,25,Male,Business,2.2,102.69,219.95,5569.78,-5247.14
FL7917,ORD,JFK,24/12/2023 05:42,24/12/2023 08:05,18,FALSE,18,Other,Premium Economy,1.5,1676.17,53.11,7321.29,-5592.01
FL1018,MIA,SEA,11/07/2023 21:10,12/07/2023 01:46,0,FALSE,43,Male,Economy,1.6,1972.6,221.03,9395.02,-7201.39
FL4212,SEA,JFK,17/04/2023 06:39,17/04/2023 11:53,0,TRUE,34,Female,Economy,2,420.72,216.34,15257.34,-14620.28
FL2778,SEA,LAX,01/07/2023 23:44,02/07/2023 02:48,56,FALSE,73,Male,First,3.4,744.88,228.97,18412.64,-17438.79
FL4625,DEN,DFW,06/03/2023 04:10,06/03/2023 06:48,0,FALSE,45,Female,Business,4.7,958.49,99.01,7826.98,-6769.48
FL7116,ATL,MIA,25/11/2023 02:01,25/11/2023 05:40,0,TRUE,68,Other,First,1.2,1151.06,210.87,6078.85,-4716.92
FL9175,DFW,SEA,12/08/2023 18:30,12/08/2023 23:08,107,FALSE,48,Other,Business,1,1290.66,239.84,12725.33,-11194.83
FL3590,LAX,ORD,26/12/2023 00:54,26/12/2023 05:18,0,FALSE,28,Male,Economy,2.1,1931.47,56.87,16547.47,-14559.13
FL8214,BOS,JFK,11/08/2023 13:28,11/08/2023 16:22,0,FALSE,62,Other,Business,1.3,561.01,43.86,6809.75,-6204.88
FL6887,JFK,ATL,07/05/2023 00:40,07/05/2023 05:59,12,TRUE,41,Male,Business,3.9,1740.25,65.19,10750.04,-8944.6
FL6791,MIA,JFK,01/04/2023 12:26,01/04/2023 18:22,0,FALSE,18,Female,Premium Economy,2.9,1853.62,217.97,18641.2,-16569.61
FL7626,ATL,SEA,21/09/2023 16:05,21/09/2023 22:18,0,FALSE,28,Male,Business,2.2,1637.73,32.53,14784.68,-13114.42
FL1166,DEN,SFO,26/02/2023 18:04,26/02/2023 20:46,0,TRUE,31,Female,Business,3.2,154.59,220.95,19444.34,-19068.8
FL2956,ORD,SEA,25/04/2023 21:02,26/04/2023 02:45,0,FALSE,69,Female,First,1.3,887.24,148.32,19415.08,-18379.52
FL5850,ATL,DFW,12/03/2023 14:05,12/03/2023 20:05,0,FALSE,55,Other,Premium Economy,1.2,409.62,116.68,7906.09,-7379.79
FL2508,BOS,MIA,08/07/2023 13:55,08/07/2023 20:11,0,FALSE,49,Male,Premium Economy,1,1422.92,163.82,16364,-14777.26
FL4896,DFW,LAX,26/12/2023 09:44,26/12/2023 16:30,0,FALSE,41,Female,Economy,4.5,1466.79,183.86,13356.41,-11705.76
FL1407,LAX,SEA,14/04/2023 13:47,14/04/2023 17:51,0,FALSE,50,Other,Premium Economy,2.6,1975.59,200.8,7529.26,-5352.87
FL4050,ORD,DFW,24/10/2023 13:40,24/10/2023 16:35,0,FALSE,73,Other,First,1.5,513.81,124.8,7523.9,-6885.29
FL5676,SFO,JFK,13/10/2023 14:29,13/10/2023 19:14,163,FALSE,65,Other,Premium Economy,2.3,1458.66,298.43,14411.85,-12654.76
FL8031,LAX,SFO,14/01/2023 00:55,14/01/2023 03:57,0,FALSE,39,Male,First,1.4,1218.2,295.29,5820.56,-4307.07
FL9297,SEA,SFO,17/09/2023 08:11,17/09/2023 11:41,104,TRUE,59,Female,Economy,2.8,1242.56,183.86,17076.82,-15650.4
FL7349,ATL,MIA,09/09/2023 08:21,09/09/2023 11:48,0,FALSE,59,Female,Premium Economy,2.5,1593.61,219.63,14570.25,-12757.01
FL4383,MIA,SFO,22/08/2023 12:25,22/08/2023 16:23,72,FALSE,72,Male,Premium Economy,2.9,1041.02,176.28,10156.46,-8939.16
FL3366,BOS,DEN,01/05/2023 04:51,01/05/2023 09:01,37,TRUE,68,Other,Premium Economy,1,508.16,14.13,10713.92,-10191.63
FL9468,LAX,DFW,01/09/2023 16:32,01/09/2023 21:50,82,TRUE,48,Female,Business,3.7,1519.87,144.59,7946.39,-6281.93
FL7423,DEN,LAX,21/09/2023 04:05,21/09/2023 09:19,0,FALSE,46,Other,Premium Economy,3.6,444.12,197.63,13456.04,-12814.29
FL4647,MIA,SFO,19/12/2023 23:23,20/12/2023 03:01,0,FALSE,52,Female,First,3.5,218.51,115.33,7755.47,-7421.63
FL3696,MIA,ORD,19/01/2023 21:04,20/01/2023 03:21,0,FALSE,35,Other,Business,4,563.85,12.11,7683.62,-7107.66
FL9173,SFO,JFK,21/08/2023 10:16,21/08/2023 15:35,0,FALSE,70,Male,Premium Economy,4.1,897.78,225.12,18843.74,-17720.84
FL3363,DFW,BOS,15/11/2023 23:24,16/11/2023 04:28,0,FALSE,56,Male,Premium Economy,4.6,743.17,160.91,13744.01,-12839.93
FL4675,DEN,JFK,16/09/2023 14:31,16/09/2023 17:45,155,TRUE,78,Other,First,2.7,290.76,70.46,15063.89,-14702.67
FL6147,JFK,BOS,25/11/2023 15:42,25/11/2023 22:22,0,TRUE,63,Female,First,3.4,588.63,102.23,12239.99,-11549.13
FL1394,SEA,MIA,11/07/2023 00:36,11/07/2023 04:29,0,TRUE,45,Female,First,3,487.09,45.67,19358.64,-18825.88
FL6271,SEA,MIA,04/06/2023 22:59,05/06/2023 05:18,0,TRUE,46,Male,Premium Economy,4,1996.06,94.39,12327.5,-10237.05
FL2500,ORD,ATL,01/11/2023 04:27,01/11/2023 10:59,0,FALSE,42,Female,Premium Economy,1.1,594.38,251.6,13246.06,-12400.08
FL4563,DEN,ATL,14/01/2023 07:12,14/01/2023 11:56,0,FALSE,48,Male,Economy,3.3,227.79,49.31,7003.64,-6726.54
FL9258,DFW,ATL,05/08/2023 18:24,05/08/2023 22:05,0,TRUE,79,Female,First,2,1511.04,201.29,15158.3,-13445.97
FL9054,ORD,LAX,24/04/2023 19:16,24/04/2023 21:47,0,FALSE,31,Male,Business,4.6,988.47,37.96,9457.54,-8431.11
FL7576,MIA,JFK,05/02/2023 07:23,05/02/2023 09:29,160,FALSE,37,Female,Premium Economy,1.3,1521.89,223.55,12304.99,-10559.55
FL2972,ORD,MIA,02/03/2023 22:34,03/03/2023 05:07,0,FALSE,80,Female,Business,3.3,1155.18,15.88,5136.46,-3965.4
FL7411,DEN,MIA,23/06/2023 06:32,23/06/2023 11:15,0,FALSE,18,Female,Economy,3.4,1881.58,75.72,18421.9,-16464.6
FL5256,JFK,SFO,10/07/2023 06:46,10/07/2023 09:55,0,FALSE,20,Female,Economy,1.8,783.53,154.26,16328.85,-15391.06
FL2120,DEN,MIA,04/10/2023 12:58,04/10/2023 18:04,29,FALSE,41,Male,Premium Economy,4.5,1495.94,39.04,6889.55,-5354.57
FL3268,DEN,SFO,20/04/2023 10:07,20/04/2023 16:07,0,FALSE,63,Male,Business,2.7,1299.62,1.49,14825.46,-13524.35
FL3087,DEN,BOS,18/11/2023 05:07,18/11/2023 11:19,0,FALSE,63,Female,Business,1.5,1901.79,222.21,19505.86,-17381.86
FL1081,DEN,MIA,11/08/2023 07:32,11/08/2023 09:47,0,FALSE,35,Other,First,3.2,547.15,217.16,11675.16,-10910.85
FL6223,SFO,ATL,08/06/2023 06:18,08/06/2023 11:44,177,TRUE,77,Female,First,2.1,865.83,3.27,5275.66,-4406.56
FL6227,BOS,ATL,15/04/2023 21:47,16/04/2023 00:58,130,FALSE,34,Other,Economy,2.7,465.78,42.03,6313.92,-5806.11
FL7614,SFO,ATL,25/06/2023 01:45,25/06/2023 08:04,0,FALSE,24,Other,First,1.8,172.61,111.95,10753.48,-10468.92
FL8065,DEN,BOS,01/09/2023 14:23,01/09/2023 17:44,0,FALSE,33,Female,Economy,3.6,581.14,242.55,8126.01,-7302.32
FL2500,DFW,DEN,11/08/2023 15:55,11/08/2023 21:35,0,FALSE,69,Female,Premium Economy,1.6,251.75,126.21,5453.34,-5075.38
FL5413,DEN,DFW,28/01/2023 02:58,28/01/2023 06:30,0,TRUE,68,Other,Business,2.8,1771.43,35.29,19493.07,-17686.35
FL7863,BOS,DFW,21/03/2023 06:36,21/03/2023 12:52,0,FALSE,69,Male,First,2.9,1862.96,76.08,14591.66,-12652.62
FL3914,ORD,ATL,05/04/2023 02:25,05/04/2023 05:39,165,FALSE,80,Male,First,1.1,1117.27,68.87,5690.17,-4504.03
FL8099,DEN,DFW,27/06/2023 00:14,27/06/2023 06:37,0,TRUE,67,Male,Economy,3.6,1722.25,257.07,15711.83,-13732.51
FL4012,ATL,MIA,08/03/2023 22:57,09/03/2023 04:12,0,TRUE,20,Female,Business,2.2,867.33,275.96,10044.34,-8901.05
FL7445,LAX,ATL,24/12/2023 08:14,24/12/2023 13:35,0,FALSE,70,Female,Economy,1.3,478.61,21.53,6786.68,-6286.54
FL5171,SFO,BOS,11/04/2023 23:43,12/04/2023 06:32,0,TRUE,68,Female,First,3.1,159.75,229.19,19272.27,-18883.33
FL1517,SFO,JFK,13/04/2023 09:21,13/04/2023 15:33,0,TRUE,53,Other,Premium Economy,2.3,1412.74,249.73,8263.46,-6600.99
FL5421,MIA,BOS,05/01/2023 01:27,05/01/2023 07:15,56,FALSE,64,Male,Premium Economy,3.5,1538.22,139.31,8862.78,-7185.25
FL8915,ATL,ORD,18/02/2023 03:07,18/02/2023 06:15,89,FALSE,35,Male,Premium Economy,4.2,1293.88,19.19,5466.84,-4153.77
FL6231,DFW,SEA,08/12/2023 01:12,08/12/2023 05:36,0,FALSE,60,Other,Premium Economy,4.8,843.97,291.76,14422.25,-13286.52
FL3995,BOS,DFW,03/06/2023 15:27,03/06/2023 20:48,0,TRUE,36,Male,Business,2.9,1109.26,127.82,5175.69,-3938.61
FL3651,DFW,ATL,04/07/2023 05:31,04/07/2023 10:01,0,FALSE,24,Male,Business,2.4,407.33,177.32,15075.78,-14491.13
FL4213,ORD,BOS,28/08/2023 13:56,28/08/2023 17:12,0,FALSE,20,Female,Economy,1.2,1948.18,223.87,15582.81,-13410.76
FL5426,SFO,SEA,09/10/2023 07:59,09/10/2023 11:36,0,FALSE,43,Female,Business,4.2,129.87,186.19,10002.07,-9686.01
FL6362,JFK,BOS,28/08/2023 06:55,28/08/2023 10:38,0,FALSE,65,Male,Premium Economy,3.4,1187.75,28.85,7367.74,-6151.14
FL9760,JFK,SEA,19/08/2023 03:06,19/08/2023 09:51,0,FALSE,80,Other,First,1.2,1210.95,253.3,18092.52,-16628.27
FL1463,DEN,BOS,04/12/2023 19:15,05/12/2023 01:11,0,FALSE,43,Female,Business,3.9,1849.32,39.23,10732.63,-8844.08
FL7606,DFW,MIA,11/05/2023 06:13,11/05/2023 13:04,0,FALSE,72,Male,Economy,2.5,683.88,53.37,8338.33,-7601.08
FL1848,MIA,DFW,22/11/2023 12:28,22/11/2023 17:22,0,FALSE,72,Other,Economy,2,677.42,211.08,11339.11,-10450.61
FL8998,SEA,DFW,17/10/2023 14:01,17/10/2023 17:10,0,TRUE,78,Female,Premium Economy,2.2,1120.94,226.14,14267.65,-12920.57
FL7524,ATL,MIA,11/04/2023 12:10,11/04/2023 16:57,0,TRUE,47,Female,Premium Economy,3.4,976,132.32,8164.96,-7056.64
FL4671,JFK,SEA,23/01/2023 18:12,23/01/2023 23:23,0,FALSE,39,Other,Premium Economy,1,333.65,200.16,8203.52,-7669.71
FL3163,MIA,DEN,16/11/2023 21:11,17/11/2023 01:01,0,TRUE,62,Female,Premium Economy,2.6,644.69,261.58,13073.78,-12167.51
FL8137,SFO,DFW,11/01/2023 09:23,11/01/2023 12:44,0,TRUE,69,Male,Business,4.9,1473.85,57.47,6895.03,-5363.71
FL1280,JFK,ORD,12/12/2023 09:58,12/12/2023 16:29,0,FALSE,25,Female,Business,2.7,1865.78,89.32,9084.73,-7129.63
FL7546,ATL,SFO,15/07/2023 10:54,15/07/2023 14:13,0,TRUE,19,Male,Business,4.7,977.1,277.66,18876.04,-17621.28
FL9921,LAX,DEN,20/08/2023 15:39,20/08/2023 20:36,0,TRUE,76,Female,Economy,3,927.11,221.67,10534.5,-9385.72
FL2252,MIA,DEN,20/01/2023 00:17,20/01/2023 02:51,165,FALSE,71,Male,Business,3.4,1643.12,139.34,6693.29,-4910.83
FL9014,ATL,DEN,16/09/2023 04:42,16/09/2023 09:49,0,FALSE,51,Male,Economy,1.1,1197.54,223.12,10926.58,-9505.92
FL5510,DEN,BOS,23/10/2023 03:04,23/10/2023 09:52,0,FALSE,21,Other,Economy,4,1021.03,165.25,6811.43,-5625.15
FL6653,DEN,DFW,24/02/2023 23:14,25/02/2023 01:58,0,FALSE,54,Female,Premium Economy,2.1,1883.98,221.48,15320.34,-13214.88
FL7927,LAX,DFW,11/02/2023 09:25,11/02/2023 12:06,0,FALSE,62,Male,Business,5,1535.78,299.84,17109.68,-15274.06
FL1245,ATL,DEN,23/01/2023 02:14,23/01/2023 05:27,87,FALSE,73,Female,First,2.9,303.74,281.21,15412.65,-14827.7
FL3215,JFK,ORD,10/08/2023 17:42,10/08/2023 20:42,115,FALSE,76,Male,Premium Economy,2.3,965.88,285.54,9497.26,-8245.84
FL1365,LAX,SFO,04/10/2023 13:02,04/10/2023 15:20,0,TRUE,69,Male,First,4.5,624.31,121.24,5758.12,-5012.57
FL4684,ATL,ORD,05/04/2023 18:46,06/04/2023 01:08,0,TRUE,48,Male,Economy,1.9,1049.46,52.14,16880.54,-15778.94
FL6524,DFW,BOS,01/02/2023 06:31,01/02/2023 10:58,0,FALSE,31,Female,Premium Economy,4.4,589.14,33.66,13910.76,-13287.96
FL5967,JFK,BOS,17/08/2023 01:41,17/08/2023 05:57,0,FALSE,32,Other,Business,2.5,1034.18,82.8,9154.38,-8037.4
FL5925,JFK,SEA,04/04/2023 17:50,05/04/2023 00:02,75,FALSE,78,Male,Economy,1.8,1395.98,205.54,12379.43,-10777.91
FL5971,SFO,LAX,17/06/2023 17:27,17/06/2023 19:46,0,FALSE,36,Male,Business,2.6,1354.81,255.26,10461.09,-8851.02
FL1068,LAX,ATL,22/05/2023 01:24,22/05/2023 05:58,0,FALSE,36,Male,Business,3.6,1331.28,149.06,18419.86,-16939.52
FL3488,ORD,SFO,07/04/2023 17:11,07/04/2023 22:45,0,FALSE,62,Other,Business,4.6,1645.06,50.19,13895.52,-12200.27
FL8179,LAX,ATL,15/07/2023 03:18,15/07/2023 09:08,0,FALSE,71,Other,Economy,4.9,161.59,252.82,5537.91,-5123.5
FL3733,SEA,MIA,04/06/2023 11:56,04/06/2023 16:14,160,FALSE,47,Male,Business,2.1,436.3,175.81,19238.94,-18626.83
FL1500,SEA,ORD,28/11/2023 05:18,28/11/2023 10:19,0,TRUE,20,Other,First,2.2,1896.4,28,12641.14,-10716.74
FL3160,MIA,DEN,17/10/2023 16:56,17/10/2023 21:04,0,FALSE,70,Male,Business,3.6,204.43,212.27,12139.17,-11722.47
FL3603,LAX,SFO,09/06/2023 12:10,09/06/2023 16:46,0,FALSE,24,Other,Economy,2.5,1296.16,113.45,7460.31,-6050.7
FL2815,DEN,SFO,01/03/2023 20:58,02/03/2023 01:37,0,FALSE,24,Male,Premium Economy,4,263.59,191.49,5518.89,-5063.81
FL1890,DEN,DFW,08/09/2023 14:06,08/09/2023 18:26,0,TRUE,18,Male,Business,2.2,1491.57,223.85,18758.66,-17043.24
FL4166,DEN,JFK,25/07/2023 13:44,25/07/2023 20:28,0,TRUE,68,Female,Economy,3.7,989.9,231.41,18346.54,-17125.23
FL4182,ORD,LAX,24/09/2023 02:48,24/09/2023 06:55,0,FALSE,65,Female,Premium Economy,3.5,367.22,7.03,5739.57,-5365.32
FL1610,SEA,BOS,02/04/2023 12:15,02/04/2023 18:56,0,FALSE,44,Female,Premium Economy,1.1,793.82,40.42,13726.6,-12892.36
FL4904,MIA,DEN,04/09/2023 22:41,05/09/2023 05:19,112,FALSE,22,Male,Premium Economy,3.5,865.82,168.83,18242.34,-17207.69
FL7634,DFW,SFO,17/07/2023 02:01,17/07/2023 04:49,0,TRUE,56,Female,First,4.7,701.82,123.25,10561.99,-9736.92
FL4637,SFO,ATL,25/04/2023 12:23,25/04/2023 18:53,0,TRUE,49,Male,Economy,4.5,1054.81,217.48,10111.59,-8839.3
FL3696,SEA,ORD,07/12/2023 15:46,07/12/2023 22:34,0,FALSE,51,Female,Premium Economy,1.4,636.95,286.11,19756.37,-18833.31
FL9707,SEA,DFW,20/03/2023 07:49,20/03/2023 10:13,109,FALSE,41,Female,Premium Economy,3.1,1472.08,112.44,18901.42,-17316.9
FL5322,ORD,DFW,19/01/2023 09:41,19/01/2023 15:22,0,TRUE,49,Male,First,1.3,136.84,18.89,6174.3,-6018.57
FL7742,DEN,DFW,27/03/2023 17:00,27/03/2023 19:57,0,TRUE,26,Male,Economy,4.6,135.25,290.98,9519.3,-9093.07
FL8870,SEA,BOS,16/05/2023 17:03,16/05/2023 19:47,0,FALSE,42,Female,First,3.6,1659.85,125.52,14345.26,-12559.89
FL4119,JFK,DEN,18/05/2023 17:39,18/05/2023 23:23,0,FALSE,72,Female,Premium Economy,4.9,692.35,222.08,7881.64,-6967.21
FL3685,JFK,DEN,26/11/2023 09:31,26/11/2023 13:38,0,FALSE,51,Female,Business,3.3,960.39,173.87,17435.28,-16301.02
FL2246,MIA,DFW,09/12/2023 08:17,09/12/2023 11:42,0,FALSE,35,Male,Economy,4.8,1894.64,215.7,16980.35,-14870.01
FL4230,DEN,ATL,15/01/2023 06:10,15/01/2023 08:49,0,FALSE,61,Male,Economy,1.1,1485.67,162.02,12780.14,-11132.45
FL7876,JFK,BOS,08/05/2023 10:38,08/05/2023 16:22,0,FALSE,79,Male,Economy,1.1,1805.63,218.53,7025.18,-5001.02
FL6360,BOS,ORD,18/04/2023 00:32,18/04/2023 07:04,0,FALSE,24,Female,Premium Economy,3.5,782.09,122.43,10163.42,-9258.9
FL8330,DEN,SFO,26/08/2023 12:27,26/08/2023 18:51,0,FALSE,70,Female,First,3.8,1772.86,298.53,8432.49,-6361.1
FL7097,LAX,ATL,18/11/2023 17:16,18/11/2023 21:01,0,TRUE,70,Male,First,3,1165.54,60.89,19465.95,-18239.52
FL2222,SFO,MIA,03/11/2023 07:15,03/11/2023 10:11,0,FALSE,69,Female,Economy,3.8,1110.5,259.94,15713.46,-14343.02
FL2735,SEA,ORD,12/10/2023 01:08,12/10/2023 06:39,0,FALSE,21,Female,First,2.6,290.26,213.24,14509.51,-14006.01
FL2625,SFO,SEA,02/10/2023 22:07,03/10/2023 02:29,0,FALSE,53,Male,Economy,4.8,1378.79,212.04,13073.25,-11482.42
FL5966,LAX,DFW,03/12/2023 09:51,03/12/2023 11:59,0,FALSE,44,Male,Economy,2.5,1932.73,195.83,5312.18,-3183.62
FL7004,SFO,LAX,16/06/2023 15:24,16/06/2023 18:26,0,FALSE,56,Other,Premium Economy,2.6,1308.05,42.62,13131.54,-11780.87
FL7922,DEN,ATL,24/09/2023 11:31,24/09/2023 18:29,0,FALSE,77,Female,First,4.7,1966.87,61.46,17913.95,-15885.62
FL1148,DEN,SFO,24/12/2023 12:22,24/12/2023 17:47,0,FALSE,43,Male,Economy,4,1096.84,298.45,16383.41,-14988.12
FL5272,DFW,DEN,09/01/2023 06:02,09/01/2023 09:58,74,FALSE,29,Other,First,2,1742.86,230,6627.64,-4654.78
FL3240,DFW,LAX,28/01/2023 08:45,28/01/2023 13:56,0,FALSE,78,Other,Economy,4.6,647.6,124.51,6583.31,-5811.2
FL4820,DFW,DEN,14/06/2023 15:31,14/06/2023 19:10,0,TRUE,39,Male,Premium Economy,2.2,1133.89,10.49,11337.62,-10193.24
FL4886,LAX,ATL,03/01/2023 13:17,03/01/2023 19:54,104,TRUE,29,Female,Economy,4.2,1262.14,15.83,8755.97,-7478
FL7834,DFW,ORD,02/05/2023 12:38,02/05/2023 18:32,0,FALSE,30,Female,Premium Economy,1.9,1045.07,88.76,6574.3,-5440.47
FL2375,LAX,DFW,25/10/2023 00:45,25/10/2023 03:06,0,TRUE,72,Other,Economy,4.7,1245.2,299.36,13988.18,-12443.62
FL6242,BOS,LAX,17/01/2023 08:33,17/01/2023 14:03,0,TRUE,36,Female,Premium Economy,2.7,976.13,86.17,7591.62,-6529.32
FL4688,DEN,ATL,14/10/2023 01:52,14/10/2023 03:57,0,FALSE,43,Male,Economy,3.8,513.47,233.97,10495.76,-9748.32
FL4971,SFO,JFK,10/01/2023 10:02,10/01/2023 12:50,171,FALSE,76,Male,Business,2.5,962.46,17.9,14666.55,-13686.19
FL2232,MIA,SEA,21/04/2023 16:11,21/04/2023 22:52,0,FALSE,68,Male,Economy,1.3,884.05,131.26,17357.89,-16342.58
FL6543,LAX,DFW,05/04/2023 02:28,05/04/2023 07:41,119,TRUE,46,Male,Business,2,600.39,35.08,15696.84,-15061.37
FL1469,LAX,ORD,25/08/2023 09:39,25/08/2023 15:22,0,TRUE,67,Male,Premium Economy,4.2,348.68,225.26,13744.07,-13170.13
FL5129,SEA,DFW,10/01/2023 07:55,10/01/2023 10:31,0,FALSE,42,Female,First,1.7,1841.2,85.92,19446.52,-17519.4
FL1373,DFW,DEN,03/12/2023 02:26,03/12/2023 07:50,0,FALSE,46,Other,Economy,4.1,1626.93,240.5,6396.76,-4529.33
FL8530,JFK,MIA,06/08/2023 18:01,06/08/2023 23:32,29,FALSE,28,Other,First,3.8,866.32,44.22,18589.77,-17679.23
FL5726,JFK,SFO,23/01/2023 05:11,23/01/2023 08:41,0,FALSE,44,Other,Premium Economy,2,1899.06,51.97,11673.07,-9722.04
FL7543,DFW,MIA,07/04/2023 19:51,07/04/2023 22:38,173,FALSE,28,Other,Premium Economy,4.5,814.38,41.52,6682.6,-5826.7
FL5519,SFO,ATL,17/08/2023 20:40,18/08/2023 02:56,0,FALSE,73,Male,Premium Economy,2.4,257.56,80.92,8104.71,-7766.23
FL8962,ATL,DEN,18/09/2023 13:09,18/09/2023 16:30,0,FALSE,47,Female,First,2.5,1532.64,299.56,14944.65,-13112.45
FL1765,MIA,DEN,16/02/2023 11:35,16/02/2023 15:31,0,FALSE,49,Female,Business,1.7,207.66,0.93,5343,-5134.41
FL2564,JFK,MIA,08/07/2023 09:55,08/07/2023 14:09,136,FALSE,20,Female,Premium Economy,3.5,315.05,104.45,18625.35,-18205.85
FL1785,SFO,MIA,05/12/2023 17:27,05/12/2023 19:34,0,FALSE,53,Male,Premium Economy,1.1,902,197.86,19866.86,-18767
FL4135,LAX,BOS,07/05/2023 04:06,07/05/2023 07:20,16,FALSE,22,Female,Premium Economy,3.9,1546.06,18.68,8113.52,-6548.78
FL2474,LAX,DFW,17/02/2023 15:23,17/02/2023 21:00,0,FALSE,34,Male,Economy,2.8,1242.94,175.72,16789.45,-15370.79
FL2580,ORD,DFW,13/04/2023 22:09,14/04/2023 01:10,39,FALSE,44,Male,Economy,2.7,170.39,35.35,11446.63,-11240.89
FL8328,JFK,LAX,13/07/2023 09:43,13/07/2023 14:13,0,FALSE,33,Female,Business,2.3,1604.12,24.65,17606.46,-15977.69
FL7636,JFK,SFO,17/04/2023 04:34,17/04/2023 11:23,0,TRUE,57,Other,Premium Economy,1.3,105.59,97.12,19427.92,-19225.21
FL2146,ATL,SFO,21/07/2023 12:18,21/07/2023 19:08,0,FALSE,35,Other,Business,2.5,345.92,246.53,19665.3,-19072.85
FL9035,LAX,DFW,16/09/2023 12:27,16/09/2023 19:15,100,FALSE,26,Other,Business,3.4,1164.93,75.26,13928.54,-12688.35
FL6908,BOS,MIA,03/04/2023 23:57,04/04/2023 03:50,0,FALSE,36,Other,Economy,4.6,1762.73,266.91,16965.59,-14935.95
FL6207,SEA,JFK,13/03/2023 07:54,13/03/2023 10:22,0,FALSE,58,Male,Business,3.9,1198.43,189.44,13538.59,-12150.72
FL4164,MIA,SEA,22/02/2023 19:29,22/02/2023 23:19,0,FALSE,65,Male,Business,4.5,114.19,31.62,13426.08,-13280.27
FL8245,MIA,DFW,27/05/2023 08:47,27/05/2023 11:32,75,FALSE,65,Male,Economy,1,1581.22,241.22,6462.81,-4640.37
FL2215,DFW,DEN,12/11/2023 21:35,13/11/2023 02:34,0,FALSE,64,Male,Premium Economy,5,980.18,50.12,16975.74,-15945.44
FL7796,BOS,SFO,26/03/2023 15:51,26/03/2023 18:56,0,FALSE,35,Male,Business,3.5,165.74,41.73,8674.23,-8466.76
FL5392,DFW,DEN,25/01/2023 16:45,25/01/2023 22:19,0,FALSE,74,Male,First,2.6,336.57,207.15,7459.91,-6916.19
FL8004,ATL,DFW,28/04/2023 22:27,29/04/2023 02:53,151,FALSE,35,Male,First,2.1,349.68,168.94,14402.04,-13883.42
FL2958,DEN,SFO,18/09/2023 20:36,19/09/2023 00:46,0,FALSE,43,Other,Economy,1.1,1264.52,180.3,13996.03,-12551.21
FL5410,DFW,SEA,21/06/2023 03:43,21/06/2023 09:42,0,FALSE,53,Other,Business,1.8,515.21,156.17,10024.22,-9352.84
FL5799,BOS,ATL,11/04/2023 04:02,11/04/2023 10:40,0,FALSE,49,Male,First,2.1,1512.93,30.73,12573.54,-11029.88
FL4149,JFK,LAX,21/12/2023 23:55,22/12/2023 05:48,0,TRUE,42,Other,First,2.6,1330.53,296.81,5727.64,-4100.3
FL5789,JFK,ORD,16/04/2023 01:53,16/04/2023 03:59,59,TRUE,44,Male,First,4.1,1939.96,142.08,19839.61,-17757.57
FL3467,ATL,DEN,26/01/2023 17:07,26/01/2023 23:51,0,FALSE,45,Female,First,1.8,718.22,291.53,9518.47,-8508.72
FL1618,ORD,LAX,05/06/2023 11:43,05/06/2023 16:16,0,FALSE,71,Other,Premium Economy,3.6,260.75,6.66,13112.46,-12845.05
FL9859,SEA,SFO,21/11/2023 17:30,21/11/2023 20:06,0,FALSE,65,Male,Business,1.6,1972.07,33.12,11256.43,-9251.24
FL1618,SEA,SFO,14/01/2023 20:30,15/01/2023 02:33,85,FALSE,37,Other,First,4.3,132.42,111.43,5820.99,-5577.14
FL7230,ATL,BOS,12/08/2023 18:27,12/08/2023 21:14,0,TRUE,73,Male,Business,3.9,270.08,179.07,17245.7,-16796.55
FL5774,JFK,SEA,12/06/2023 00:26,12/06/2023 06:37,0,TRUE,48,Female,Premium Economy,2.4,146.51,73.71,8812.26,-8592.04
FL9906,DEN,DFW,26/11/2023 10:43,26/11/2023 14:30,0,FALSE,45,Female,Business,1.5,536.35,128.79,10851.8,-10186.66
FL6400,MIA,DFW,17/05/2023 22:42,18/05/2023 05:07,0,TRUE,52,Female,Business,2.5,1607.26,148.06,13369.29,-11613.97
FL5019,SFO,MIA,01/10/2023 11:51,01/10/2023 13:58,0,FALSE,66,Male,Premium Economy,2.5,1675.6,73.39,16009.42,-14260.43
FL5932,BOS,DEN,19/01/2023 11:35,19/01/2023 13:43,0,TRUE,37,Female,First,3,753.27,284.55,15007.36,-13969.54
FL6180,SFO,JFK,02/07/2023 14:03,02/07/2023 16:32,0,FALSE,69,Other,Premium Economy,2.2,1988.4,103.98,12764.91,-10672.53
FL1384,JFK,ATL,12/08/2023 06:14,12/08/2023 13:07,0,FALSE,48,Male,Economy,3.2,174.93,191.01,14420.52,-14054.58
FL2595,ATL,DEN,04/11/2023 17:59,05/11/2023 00:31,0,FALSE,50,Female,Business,4.9,1839.24,278.39,11227.11,-9109.48
FL2295,ORD,BOS,08/02/2023 10:12,08/02/2023 13:17,0,TRUE,35,Male,First,3,1545.75,142.25,8881.92,-7193.92
FL5428,BOS,DFW,03/02/2023 10:47,03/02/2023 13:39,166,FALSE,43,Other,First,3.1,1787.73,277.02,15182.88,-13118.13
FL7662,MIA,LAX,14/06/2023 01:03,14/06/2023 06:32,0,TRUE,21,Male,Economy,3.3,1910.89,289.1,11119.06,-8919.07
FL4474,ORD,BOS,23/03/2023 03:32,23/03/2023 09:16,0,FALSE,59,Female,Economy,4.7,1117.74,150.79,17601.74,-16333.21
FL1013,DEN,LAX,02/10/2023 13:47,02/10/2023 18:04,0,TRUE,54,Female,Premium Economy,1.8,1507.6,221.17,8417.76,-6688.99
FL5590,ATL,JFK,01/12/2023 02:08,01/12/2023 08:30,0,FALSE,27,Female,Economy,4.7,1894.78,213.46,13720.71,-11612.47
FL3842,MIA,BOS,03/10/2023 03:22,03/10/2023 05:29,0,TRUE,49,Female,Business,2.5,515.65,94.1,7153.29,-6543.54
FL5316,MIA,BOS,02/04/2023 11:15,02/04/2023 15:40,0,FALSE,75,Other,First,3.7,1920.78,195.11,13092.92,-10977.03
FL5237,SEA,MIA,15/12/2023 05:52,15/12/2023 08:57,0,FALSE,58,Female,First,4.1,1850.88,145.25,18529.44,-16533.31
FL9301,BOS,ATL,14/10/2023 06:13,14/10/2023 11:38,0,TRUE,41,Female,Premium Economy,1.6,582.74,123.22,7290.37,-6584.41
FL6602,MIA,ORD,24/01/2023 21:30,25/01/2023 00:19,0,FALSE,34,Other,First,3.5,524.76,222.1,13832.44,-13085.58
FL5289,DFW,SFO,27/03/2023 03:01,27/03/2023 05:51,0,TRUE,63,Other,Business,1.2,794.95,15.5,9021.44,-8210.99
FL5004,JFK,BOS,07/05/2023 16:12,07/05/2023 19:59,0,FALSE,19,Male,Business,2.2,383.81,99.38,12645.93,-12162.74
FL1526,ATL,DFW,19/08/2023 19:55,20/08/2023 01:20,96,FALSE,72,Male,Economy,4.8,1929.38,176.99,7582.91,-5476.54
FL5402,SFO,SEA,25/11/2023 11:42,25/11/2023 17:38,87,TRUE,40,Other,Business,3.6,1597.95,201.22,16713.53,-14914.36
FL6443,ORD,ATL,09/04/2023 19:06,10/04/2023 00:40,0,TRUE,50,Other,Premium Economy,4.2,1160.65,298.6,12256.62,-10797.37
FL5089,BOS,SEA,13/12/2023 11:02,13/12/2023 17:52,0,FALSE,39,Female,Economy,2.8,971.45,59.81,5100.67,-4069.41
FL6503,LAX,BOS,24/01/2023 22:25,25/01/2023 00:35,0,FALSE,23,Female,Business,4.9,599.41,136.25,17199.89,-16464.23
FL1751,SFO,LAX,03/01/2023 07:49,03/01/2023 11:03,0,FALSE,28,Other,Premium Economy,4.9,412.6,91.09,10111.49,-9607.8
FL3065,JFK,MIA,04/07/2023 19:13,05/07/2023 00:10,0,FALSE,19,Male,Economy,3,122.59,138.19,16523.9,-16263.12
FL3278,LAX,DEN,15/04/2023 04:30,15/04/2023 09:29,0,TRUE,60,Male,First,1,1991.21,154.88,12784.48,-10638.39
FL1239,DFW,LAX,24/10/2023 21:36,25/10/2023 00:49,136,FALSE,32,Other,Economy,2.8,1804.77,200.29,13912.59,-11907.53
FL7054,SEA,ORD,12/12/2023 02:33,12/12/2023 05:28,98,FALSE,18,Female,First,4.3,879.85,215.88,9934.31,-8838.58
FL1566,MIA,ORD,27/07/2023 14:55,27/07/2023 20:15,0,FALSE,20,Female,Premium Economy,4.2,193.7,199.11,15209.63,-14816.82
FL4741,JFK,BOS,21/11/2023 00:09,21/11/2023 05:46,0,TRUE,67,Female,First,2.7,214.07,64.88,14076.78,-13797.83
FL4150,MIA,DEN,21/08/2023 06:39,21/08/2023 09:58,0,FALSE,50,Female,Economy,5,1854.06,71.87,6168.57,-4242.64
FL5540,ORD,JFK,24/11/2023 02:01,24/11/2023 08:21,0,FALSE,62,Male,Economy,2.1,1148.25,221.63,6961.23,-5591.35
FL2232,DEN,JFK,20/08/2023 09:23,20/08/2023 12:38,0,FALSE,41,Other,Economy,4.5,394.42,204.91,13696.75,-13097.42
FL9483,BOS,DFW,09/08/2023 23:22,10/08/2023 03:34,0,TRUE,59,Female,First,1.5,422.14,12.72,11881.8,-11446.94
FL5180,SEA,ORD,26/01/2023 20:19,27/01/2023 01:30,0,FALSE,20,Male,Business,2.7,857.74,24.73,6560.95,-5678.48
FL2117,SEA,BOS,17/06/2023 04:01,17/06/2023 07:34,0,FALSE,45,Male,Premium Economy,3.3,269.12,167.53,10049.36,-9612.71
FL5028,SFO,SEA,06/02/2023 23:17,07/02/2023 04:11,0,FALSE,70,Other,First,3,1486.43,133.33,8606.95,-6987.19
FL9442,SEA,DEN,07/06/2023 06:09,07/06/2023 08:46,137,TRUE,46,Female,Business,4.3,519.11,108.47,17052.87,-16425.29
FL8289,SEA,BOS,27/11/2023 02:08,27/11/2023 05:44,0,FALSE,21,Other,Economy,4.7,1631.55,160.31,13987.86,-12196
FL7187,LAX,ATL,26/07/2023 03:13,26/07/2023 05:37,74,FALSE,20,Female,First,4.9,754.21,189.24,8741.52,-7798.07
FL1247,LAX,ORD,01/11/2023 12:07,01/11/2023 16:40,0,FALSE,72,Female,Premium Economy,3,275.42,221.33,5031.68,-4534.93
FL7542,DFW,ORD,03/02/2023 03:23,03/02/2023 09:10,0,FALSE,59,Male,Economy,2.7,228.94,67.52,19812.56,-19516.1
FL5710,JFK,MIA,19/07/2023 03:44,19/07/2023 08:49,0,FALSE,57,Male,Premium Economy,1,532.37,208.96,14715.32,-13973.99
FL6115,DFW,LAX,02/02/2023 09:19,02/02/2023 15:40,0,TRUE,39,Male,First,2,1208.05,186.25,10673.74,-9279.44
FL8728,SFO,ORD,14/12/2023 03:41,14/12/2023 07:47,0,TRUE,59,Other,Premium Economy,4.7,933.73,234.63,13500.73,-12332.37
FL5248,ORD,DEN,04/04/2023 01:05,04/04/2023 06:24,0,FALSE,30,Male,First,2.3,499.63,200.81,6690.22,-5989.78
FL1927,JFK,ATL,01/05/2023 19:43,02/05/2023 01:14,0,FALSE,80,Female,Business,3.3,1214.63,60.55,5626.74,-4351.56
FL5667,LAX,MIA,06/04/2023 08:51,06/04/2023 15:33,0,FALSE,69,Other,Economy,2,1166.06,155.82,11829.76,-10507.88
FL8583,DEN,SFO,16/03/2023 23:04,17/03/2023 04:08,147,FALSE,70,Other,Economy,4.6,1897.07,54.42,18740.52,-16789.03
FL5792,ATL,ORD,02/03/2023 05:43,02/03/2023 11:59,0,FALSE,31,Other,Business,4.4,1425.59,75.66,6425.9,-4924.65
FL2154,SEA,DEN,13/09/2023 15:25,13/09/2023 19:03,64,FALSE,46,Female,Premium Economy,2.7,1081.83,283.68,14754.45,-13388.94
FL1490,SFO,ATL,25/10/2023 05:58,25/10/2023 11:56,0,FALSE,57,Other,First,3.9,283.74,58.51,12208.9,-11866.65
FL4844,DFW,SFO,15/10/2023 09:19,15/10/2023 12:40,29,FALSE,33,Female,Business,2.3,598.93,47.14,19883.51,-19237.44
FL8393,DFW,SEA,22/04/2023 14:09,22/04/2023 19:06,178,TRUE,37,Other,First,2.3,118.3,191.1,15717.65,-15408.25
FL6822,LAX,BOS,25/06/2023 12:07,25/06/2023 14:39,54,FALSE,30,Other,Economy,4.7,1654.69,13.5,7441.68,-5773.49
FL9921,LAX,ATL,10/09/2023 03:02,10/09/2023 09:50,0,FALSE,28,Female,Economy,1,638.16,98.8,15799.23,-15062.27
FL4730,SEA,DEN,07/04/2023 01:45,07/04/2023 06:05,73,FALSE,65,Male,First,2.5,412.13,94.27,19112.59,-18606.19
FL9065,SFO,DEN,24/01/2023 20:43,25/01/2023 01:02,0,FALSE,32,Other,Economy,2.4,1099.25,130.78,12842.18,-11612.15
FL4528,BOS,SFO,02/05/2023 07:54,02/05/2023 13:26,0,TRUE,74,Female,Economy,2.5,1959.84,52.38,18012.25,-16000.03
FL6350,ORD,SFO,25/05/2023 02:08,25/05/2023 05:42,0,FALSE,34,Male,Economy,4.7,232.34,291.49,8505.24,-7981.41
FL4114,BOS,LAX,21/11/2023 14:17,21/11/2023 20:13,0,TRUE,38,Female,Premium Economy,1.9,1646.89,273.26,8445.76,-6525.61
FL3707,LAX,SEA,18/03/2023 14:55,18/03/2023 19:03,0,FALSE,45,Other,First,4.1,1902.48,223.35,9477.14,-7351.31
FL6070,SFO,DFW,08/09/2023 22:32,09/09/2023 03:50,0,FALSE,22,Other,First,2.9,1188.79,120.63,13925.18,-12615.76
FL9632,SEA,BOS,07/01/2023 00:35,07/01/2023 05:55,102,FALSE,52,Other,Economy,1.2,312.07,85.28,12392.44,-11995.09
FL8774,JFK,ATL,13/10/2023 15:40,13/10/2023 20:47,34,TRUE,52,Female,Premium Economy,4.9,234.25,170.09,8927.63,-8523.29
FL1086,SEA,DFW,19/05/2023 19:58,19/05/2023 23:06,0,TRUE,52,Male,Economy,3.1,1163.22,78.5,14484.39,-13242.67
FL4379,ATL,ORD,20/06/2023 11:39,20/06/2023 17:46,0,FALSE,78,Female,First,4.3,1039.84,219.61,13337.05,-12077.6
FL3959,DFW,SFO,01/11/2023 01:33,01/11/2023 08:29,52,FALSE,53,Other,Economy,3.7,1622.88,173.59,9035.12,-7238.65
FL5120,SEA,DEN,07/06/2023 09:31,07/06/2023 16:30,0,FALSE,57,Male,Premium Economy,4.5,843.57,126.69,6550.52,-5580.26
FL5168,SEA,DEN,10/10/2023 22:54,11/10/2023 01:00,0,FALSE,24,Other,Business,2.8,121.79,169.94,16971.19,-16679.46
FL4680,MIA,DFW,16/02/2023 07:10,16/02/2023 12:32,92,FALSE,21,Male,Business,3.3,896.38,199.64,19940.46,-18844.44
FL4332,ATL,MIA,20/04/2023 13:33,20/04/2023 17:46,126,FALSE,24,Male,Business,4.4,688.45,293.86,15367.72,-14385.41
FL4848,MIA,ORD,21/04/2023 02:15,21/04/2023 08:02,77,FALSE,54,Female,First,3.2,517.19,284.74,9230.22,-8428.29
FL5082,ORD,ATL,24/10/2023 19:36,24/10/2023 22:36,0,TRUE,34,Male,Premium Economy,4.6,1174.62,291.23,10290.21,-8824.36
FL2651,MIA,DEN,04/04/2023 11:06,04/04/2023 13:24,0,FALSE,58,Female,First,1.3,692.31,213.76,8375.4,-7469.33
FL9066,ATL,LAX,03/08/2023 16:32,03/08/2023 21:50,0,FALSE,61,Male,Premium Economy,2.8,774.68,91,10232.37,-9366.69
FL5565,ATL,DEN,11/01/2023 23:03,12/01/2023 01:15,0,FALSE,44,Female,Premium Economy,3,1523.58,78.51,14422.08,-12819.99
FL9214,SEA,SFO,03/11/2023 22:51,04/11/2023 03:36,17,FALSE,32,Female,Business,1.2,1965.6,146.18,5409.21,-3297.43
FL1081,ORD,ATL,27/08/2023 20:02,27/08/2023 22:55,0,FALSE,66,Male,Business,4.2,742.9,195.17,17798.54,-16860.47
FL8163,ATL,DEN,08/08/2023 09:43,08/08/2023 14:55,30,FALSE,37,Male,Business,1.8,388.68,251.17,7481.55,-6841.7
FL5809,ATL,SFO,04/04/2023 00:39,04/04/2023 03:00,0,TRUE,55,Female,Business,3,1534.84,30.66,7512,-5946.5
FL4214,DEN,ORD,27/05/2023 14:43,27/05/2023 21:12,0,FALSE,41,Other,Economy,1.5,1861.75,2.44,9763.01,-7898.82
FL5770,LAX,JFK,16/03/2023 11:12,16/03/2023 15:24,0,FALSE,79,Male,Business,4.6,783.41,142.28,7271.88,-6346.19
FL8232,LAX,DEN,06/11/2023 05:09,06/11/2023 10:29,0,FALSE,18,Female,First,1.7,761.29,71.44,6316.29,-5483.56
FL5047,LAX,ATL,09/05/2023 21:54,10/05/2023 01:55,0,FALSE,74,Other,Business,2.5,885.5,113.68,7022.43,-6023.25
FL3162,SFO,ORD,20/07/2023 11:14,20/07/2023 16:28,0,FALSE,40,Other,Economy,2.4,503.73,239.72,15310.61,-14567.16
FL1241,ORD,BOS,10/10/2023 19:26,11/10/2023 01:39,0,FALSE,27,Male,Premium Economy,1.1,417.04,207.67,14787.43,-14162.72
FL9477,ATL,DFW,10/07/2023 06:47,10/07/2023 11:54,29,TRUE,76,Other,Premium Economy,1.9,325.31,44.13,9348.64,-8979.2
FL1808,SFO,DEN,05/11/2023 02:36,05/11/2023 08:08,170,FALSE,41,Male,Premium Economy,3.4,1161.5,282.15,7407.55,-5963.9
FL8638,ORD,DFW,28/10/2023 17:03,28/10/2023 20:28,0,TRUE,56,Other,Premium Economy,4.6,617.3,175.98,15644.73,-14851.45
FL3553,DFW,MIA,13/05/2023 00:04,13/05/2023 06:20,0,FALSE,22,Female,First,4.1,805.87,220.41,19027.4,-18001.12
FL9047,ORD,SFO,07/11/2023 01:09,07/11/2023 04:52,104,TRUE,55,Male,Premium Economy,1.4,527.51,169.44,18152.25,-17455.3
FL4406,DEN,SFO,27/03/2023 20:05,28/03/2023 00:15,123,FALSE,64,Male,Business,4.8,1687.45,226.39,13081.07,-11167.23
FL5880,MIA,ATL,07/08/2023 20:45,08/08/2023 01:19,0,FALSE,68,Male,First,1.1,1689.3,125.14,12785.89,-10971.45
FL8514,MIA,ORD,12/04/2023 16:20,12/04/2023 22:42,0,FALSE,47,Male,Business,4.5,357.18,85.74,11497.91,-11054.99
FL7587,ORD,JFK,20/06/2023 04:08,20/06/2023 06:33,0,FALSE,22,Female,Premium Economy,1.9,515.35,230.49,5082.04,-4336.2
FL6699,DEN,ORD,12/06/2023 09:31,12/06/2023 15:44,5,FALSE,75,Other,Economy,2.6,1286.67,149.82,19311.04,-17874.55
FL6237,ATL,JFK,21/07/2023 01:52,21/07/2023 04:16,0,FALSE,30,Female,Business,1.6,1171.44,283.86,10742.92,-9287.62
FL8305,LAX,SFO,04/01/2023 00:05,04/01/2023 03:53,0,FALSE,57,Other,Premium Economy,2.7,837.52,282.55,6647.66,-5527.59
FL3817,ATL,SEA,04/08/2023 03:53,04/08/2023 08:16,177,FALSE,67,Female,Premium Economy,5,1311.35,254.8,16784.52,-15218.37
FL5676,MIA,BOS,20/04/2023 07:12,20/04/2023 11:09,0,TRUE,37,Male,Economy,1.5,440.52,47.44,15511.44,-15023.48
FL7983,SFO,LAX,10/11/2023 16:35,10/11/2023 23:27,68,FALSE,54,Female,Premium Economy,1.7,1747.36,77.49,5005.6,-3180.75
FL3211,SFO,SEA,21/04/2023 15:13,21/04/2023 20:00,0,FALSE,44,Male,First,1.8,816.18,201,8117.1,-7099.92
FL1208,SEA,BOS,22/06/2023 18:22,22/06/2023 21:23,0,FALSE,57,Male,Economy,1.7,279.61,191.97,10946.72,-10475.14
FL2418,JFK,BOS,28/09/2023 09:19,28/09/2023 12:01,0,FALSE,55,Other,Business,1.2,1913.12,134.36,6580.42,-4532.94
FL8267,LAX,MIA,01/08/2023 19:58,02/08/2023 02:50,0,FALSE,38,Female,First,3.4,1550.03,242.81,18387.05,-16594.21
FL6031,JFK,SFO,07/08/2023 17:07,07/08/2023 20:24,0,FALSE,65,Male,Premium Economy,1.5,1195.67,39.13,17462.75,-16227.95
FL5067,MIA,JFK,10/03/2023 08:51,10/03/2023 10:59,0,FALSE,20,Male,Business,3.1,774.92,21.69,11897.02,-11100.41
FL6375,BOS,ATL,20/12/2023 14:36,20/12/2023 21:19,0,FALSE,38,Other,Business,2.1,453.28,174.66,10578.21,-9950.27
FL3896,LAX,ORD,19/11/2023 05:18,19/11/2023 09:14,0,TRUE,26,Female,Premium Economy,2,1076.7,279.34,14905.01,-13548.97
FL4069,SFO,DFW,25/09/2023 03:55,25/09/2023 07:54,0,FALSE,75,Other,Economy,5,624.79,208.28,11398.05,-10564.98
FL9720,MIA,ATL,10/11/2023 22:34,11/11/2023 04:20,0,TRUE,48,Female,Business,4.4,1157.35,57.52,17489.32,-16274.45
FL7887,LAX,DEN,27/10/2023 05:25,27/10/2023 12:20,0,FALSE,75,Male,First,1.9,181.13,224.68,12191.22,-11785.41
FL4339,BOS,ORD,18/10/2023 15:14,18/10/2023 18:59,0,FALSE,62,Female,Premium Economy,2,1612.06,144.18,15292.21,-13535.97
FL1854,LAX,BOS,05/07/2023 13:17,05/07/2023 15:46,0,FALSE,66,Male,Economy,1.7,913.63,4.16,11725.17,-10807.38
FL2686,DFW,SFO,04/04/2023 11:06,04/04/2023 16:57,0,FALSE,28,Male,First,5,1000.48,51.58,10270.65,-9218.59
FL6120,JFK,BOS,22/01/2023 20:30,23/01/2023 02:52,0,FALSE,24,Male,Premium Economy,3.4,1607.1,18.79,16264.56,-14638.67
FL2146,SEA,ORD,16/07/2023 20:36,17/07/2023 02:26,0,TRUE,30,Female,Business,2.8,1199.38,69.78,5464.52,-4195.36
FL2492,SFO,SEA,16/05/2023 23:18,17/05/2023 04:57,0,TRUE,36,Female,Business,3.3,653.79,95.32,13539.12,-12790.01
FL4944,JFK,BOS,01/03/2023 14:44,01/03/2023 21:40,38,TRUE,76,Female,Economy,1.8,1185.94,247.09,12474.89,-11041.86
FL2277,LAX,BOS,11/03/2023 12:48,11/03/2023 19:30,0,FALSE,29,Female,Premium Economy,1.6,1740.94,151.34,5477.12,-3584.84
FL7056,SEA,DFW,12/12/2023 22:12,13/12/2023 03:07,75,FALSE,22,Other,First,1.9,1293.33,184.01,13800.27,-12322.93
FL8603,ATL,ORD,03/04/2023 13:07,03/04/2023 20:01,0,FALSE,60,Other,Economy,1.6,1441.16,158.16,18203.48,-16604.16
FL3437,JFK,SEA,26/02/2023 23:26,27/02/2023 01:58,0,TRUE,24,Male,Business,2,644.25,206.06,19452.09,-18601.78
FL9790,DFW,DEN,02/01/2023 08:11,02/01/2023 12:36,124,FALSE,31,Female,First,1.4,1247.36,265.14,15853.65,-14341.15
FL4356,BOS,LAX,18/09/2023 09:27,18/09/2023 13:42,0,FALSE,76,Other,Economy,3.2,1943.3,93.98,5161.62,-3124.34
FL4800,BOS,SFO,23/08/2023 08:23,23/08/2023 10:47,0,FALSE,34,Other,Business,4.1,1506.05,195.84,16036.64,-14334.75
FL6614,MIA,SEA,09/11/2023 17:24,09/11/2023 21:29,38,FALSE,32,Female,Business,4,129.58,204.12,9701.82,-9368.12
FL6805,SEA,DEN,28/03/2023 19:31,29/03/2023 01:02,0,FALSE,52,Other,Business,4.8,1464.6,249.76,18529.13,-16814.77
FL9212,MIA,LAX,28/11/2023 04:13,28/11/2023 11:12,0,TRUE,78,Female,Business,4.9,801.3,173.75,9655.28,-8680.23
FL6219,DFW,SEA,08/07/2023 00:38,08/07/2023 04:59,0,FALSE,74,Male,Business,1.8,1125.05,1,10923.53,-9797.48
FL5510,DFW,MIA,23/03/2023 09:22,23/03/2023 15:25,12,FALSE,47,Female,Economy,4.6,1167.55,230.07,9936.66,-8539.04
FL9233,ATL,DFW,13/11/2023 13:28,13/11/2023 17:20,0,FALSE,77,Other,Economy,2,573.46,15.47,6981.63,-6392.7
FL6523,SFO,DFW,13/08/2023 04:49,13/08/2023 11:05,94,FALSE,35,Female,First,3.2,1857.9,260.06,17063.43,-14945.47
FL9590,LAX,SFO,17/05/2023 18:21,17/05/2023 22:36,0,FALSE,39,Male,Economy,3.5,397.09,65.18,19602.44,-19140.17
FL9692,SFO,DFW,18/02/2023 01:59,18/02/2023 04:56,0,TRUE,41,Female,Economy,4.8,505.73,251.35,10189.81,-9432.73
FL2401,DEN,SFO,16/08/2023 10:48,16/08/2023 13:45,154,FALSE,43,Male,Premium Economy,4.4,330.85,150.9,8789.87,-8308.12
FL6565,ORD,SEA,11/01/2023 16:38,11/01/2023 23:15,0,FALSE,67,Female,First,3.7,1106.54,257.87,10044.04,-8679.63
FL5805,ORD,ATL,13/04/2023 06:25,13/04/2023 12:58,0,FALSE,47,Female,First,2.9,1104.88,100.59,16533.69,-15328.22
FL9019,LAX,ORD,08/08/2023 07:50,08/08/2023 14:00,0,TRUE,79,Male,Premium Economy,1.3,1989.58,175.57,9573.56,-7408.41
FL7083,SEA,BOS,15/07/2023 21:51,16/07/2023 02:42,53,TRUE,76,Male,Economy,1.2,386.68,105.29,10490.58,-9998.61
FL4542,MIA,ATL,21/02/2023 13:24,21/02/2023 16:05,44,FALSE,20,Other,First,3.5,1535.64,220.17,13280.63,-11524.82
FL9241,SFO,DEN,25/12/2023 12:05,25/12/2023 18:49,34,FALSE,70,Other,Business,1.7,527.86,180,19493.27,-18785.41
FL7770,BOS,ATL,23/02/2023 15:58,23/02/2023 21:24,65,FALSE,41,Male,First,3.6,391.97,168.47,15150.46,-14590.02
FL5548,MIA,ATL,27/10/2023 12:49,27/10/2023 19:44,0,TRUE,18,Female,Economy,3.4,1595.53,145.63,19990.62,-18249.46
FL7932,ATL,DEN,25/05/2023 12:54,25/05/2023 19:30,104,TRUE,54,Female,Economy,5,1048.82,31.01,5713.3,-4633.47
FL6531,DFW,JFK,07/10/2023 00:24,07/10/2023 06:06,0,FALSE,21,Male,Economy,4.7,1594.96,160.68,18368.25,-16612.61
FL1587,LAX,ORD,17/04/2023 23:03,18/04/2023 02:32,0,FALSE,31,Male,Premium Economy,3.7,1437.81,247.72,8675.31,-6989.78
FL7643,SFO,BOS,20/03/2023 11:48,20/03/2023 15:46,0,FALSE,35,Other,Business,2.5,1214.89,42.7,14166.88,-12909.29
FL6160,ORD,MIA,04/03/2023 17:37,04/03/2023 20:05,21,FALSE,67,Male,Economy,4.1,330.24,149.47,11387.61,-10907.9
FL8434,SFO,LAX,11/02/2023 11:40,11/02/2023 15:06,120,FALSE,39,Other,First,4.3,1556.25,238.16,8278.84,-6484.43
FL1381,SFO,SEA,12/07/2023 18:06,12/07/2023 20:17,147,FALSE,50,Other,Business,3.3,1417.11,5.77,18824.52,-17401.64
FL4786,SEA,MIA,23/06/2023 12:52,23/06/2023 15:30,0,FALSE,29,Male,Business,2.9,1183.81,287.76,18333.91,-16862.34
FL5149,MIA,ORD,26/08/2023 11:55,26/08/2023 17:39,60,FALSE,55,Male,Premium Economy,3.6,1070.06,190.34,12653.56,-11393.16
FL3009,BOS,MIA,15/04/2023 09:16,15/04/2023 11:28,0,FALSE,47,Other,Premium Economy,1.5,1652.13,23.64,10051.76,-8375.99
FL6001,ATL,BOS,20/06/2023 03:38,20/06/2023 08:51,0,FALSE,41,Other,Premium Economy,2.9,1791.56,53.69,15588.4,-13743.15
FL5007,SFO,DFW,12/01/2023 20:53,13/01/2023 00:32,0,FALSE,67,Female,First,4.1,995.79,95.81,5038.88,-3947.28
FL9511,MIA,BOS,20/11/2023 16:28,20/11/2023 22:39,0,TRUE,64,Female,Economy,4.9,869.67,232.06,12187.56,-11085.83
FL7230,ATL,MIA,17/03/2023 05:36,17/03/2023 08:40,0,FALSE,69,Other,First,4.8,1436.31,293.74,10477.56,-8747.51
FL7544,ORD,MIA,15/09/2023 06:39,15/09/2023 13:27,0,FALSE,61,Male,First,1.9,336.71,165.9,8260.91,-7758.3
FL4140,SEA,LAX,23/04/2023 13:22,23/04/2023 19:54,0,TRUE,24,Other,Economy,2.8,494.5,101.25,18037.52,-17441.77
FL6135,LAX,ATL,20/05/2023 06:06,20/05/2023 11:59,15,FALSE,74,Other,First,2.3,444.61,78.43,10762.15,-10239.11
FL9941,MIA,SFO,15/02/2023 12:43,15/02/2023 16:22,0,FALSE,48,Female,First,1.6,861.49,107.13,18091.19,-17122.57
FL7082,MIA,ATL,28/12/2023 01:37,28/12/2023 06:42,147,FALSE,39,Female,First,4.6,106.78,249.85,12199.58,-11842.95
FL9851,ORD,LAX,03/07/2023 00:31,03/07/2023 07:30,0,FALSE,54,Male,First,1.8,1962.21,112.15,7364.39,-5290.03
FL3676,JFK,DEN,20/08/2023 15:53,20/08/2023 20:52,0,TRUE,34,Male,Business,1.8,250.73,296.51,6651.16,-6103.92
FL4882,SEA,SFO,24/06/2023 08:19,24/06/2023 10:49,0,FALSE,73,Female,First,3.9,1997.29,289.49,10029.8,-7743.02
FL2895,ATL,SEA,09/11/2023 15:38,09/11/2023 21:47,0,FALSE,36,Male,First,1.9,333.59,133.46,5242.23,-4775.18
FL2671,MIA,JFK,05/11/2023 04:27,05/11/2023 10:03,146,FALSE,69,Male,First,1.5,1148.55,219.64,5034.74,-3666.55
FL6241,MIA,DEN,04/04/2023 14:11,04/04/2023 16:12,0,FALSE,27,Female,Premium Economy,1.1,1689.51,46.21,14154.7,-12418.98
FL3325,LAX,BOS,22/05/2023 09:31,22/05/2023 15:07,103,FALSE,32,Male,Business,1.2,1425.75,286.12,5472.21,-3760.34
FL9621,DEN,MIA,21/07/2023 13:14,21/07/2023 15:51,164,FALSE,63,Other,Economy,4.3,1390.49,205.28,19233.92,-17638.15
FL4917,DEN,SEA,11/07/2023 03:44,11/07/2023 10:29,0,FALSE,32,Male,Premium Economy,1.1,959.35,40.12,10624.57,-9625.1
FL2344,JFK,ORD,20/06/2023 02:45,20/06/2023 05:15,0,FALSE,49,Male,Business,4.2,1773.71,253.54,6302.14,-4274.89
FL1272,JFK,ORD,28/07/2023 10:11,28/07/2023 14:28,28,TRUE,28,Female,Economy,3.8,1407.21,72.6,8863.3,-7383.49
FL2802,MIA,DFW,27/04/2023 15:49,27/04/2023 21:52,0,TRUE,46,Female,Premium Economy,3.7,611.47,71.81,7595.56,-6912.28
FL3278,ATL,SFO,22/06/2023 01:44,22/06/2023 07:05,81,FALSE,38,Female,Premium Economy,1.7,168.38,255.54,7122.44,-6698.52
FL7792,LAX,MIA,21/11/2023 04:15,21/11/2023 09:09,0,FALSE,40,Male,Premium Economy,2.2,1187.83,150.59,8650.63,-7312.21
FL5611,SEA,DEN,05/05/2023 06:33,05/05/2023 09:07,0,FALSE,46,Other,First,1.3,413.29,112.35,9087.18,-8561.54
FL2183,LAX,SEA,11/05/2023 23:44,12/05/2023 04:30,0,FALSE,19,Other,Business,4.9,1703.1,206.96,19406.33,-17496.27
FL6488,ATL,SEA,24/02/2023 16:55,24/02/2023 21:58,47,FALSE,25,Other,Premium Economy,1.9,1044.25,5.98,13189.34,-12139.11
FL1150,ATL,DEN,24/04/2023 17:56,24/04/2023 20:28,0,FALSE,73,Male,Premium Economy,4.3,1926.64,120.66,12604.44,-10557.14
FL4860,ATL,JFK,03/04/2023 14:29,03/04/2023 21:16,0,FALSE,80,Female,Premium Economy,3.6,1225.49,146.27,9236.65,-7864.89
FL5721,LAX,BOS,16/11/2023 05:43,16/11/2023 08:11,0,TRUE,21,Male,Premium Economy,2,1955.74,56.89,18290.17,-16277.54
FL9439,DFW,BOS,28/04/2023 06:25,28/04/2023 11:21,0,FALSE,31,Male,Business,1.2,1181.04,61.67,12661.35,-11418.64
FL6336,ORD,SFO,01/04/2023 18:45,02/04/2023 00:20,0,FALSE,76,Male,First,2,1829.61,89.76,9116.9,-7197.53
FL1015,LAX,SFO,14/10/2023 16:03,14/10/2023 22:06,0,TRUE,29,Female,Economy,3.8,216.03,183.61,18720.36,-18320.72
FL9642,SEA,DEN,25/01/2023 01:33,25/01/2023 08:10,82,FALSE,32,Male,Economy,3.6,1707.72,141.24,11178.98,-9330.02
FL3385,LAX,SFO,03/06/2023 08:53,03/06/2023 15:25,0,FALSE,61,Other,First,2.2,551.9,71.76,5129.37,-4505.71
FL2375,ORD,MIA,01/10/2023 04:34,01/10/2023 06:58,0,FALSE,65,Male,Economy,1.9,849.51,200.25,11142.11,-10092.35
FL8481,ATL,JFK,10/05/2023 14:05,10/05/2023 17:56,0,FALSE,56,Male,First,1.2,1199.17,179.2,18264.37,-16886
FL2775,SFO,JFK,21/11/2023 11:44,21/11/2023 14:41,0,FALSE,71,Other,First,2.2,682.28,7.74,16189.68,-15499.66
FL8411,SFO,DEN,16/01/2023 02:38,16/01/2023 08:30,168,FALSE,28,Female,Premium Economy,2,615.71,20.44,14246.85,-13610.7
FL9831,LAX,DFW,06/10/2023 02:14,06/10/2023 04:35,0,FALSE,37,Other,Premium Economy,3.6,547.01,295.23,18381.42,-17539.18
FL2093,ATL,SEA,28/09/2023 14:38,28/09/2023 20:36,0,TRUE,76,Female,Business,4.3,738.58,46.05,19396.95,-18612.32
FL2407,BOS,ATL,23/03/2023 05:06,23/03/2023 09:53,0,FALSE,67,Other,Business,2.2,1316.73,9.5,13055.53,-11729.3
FL5490,SFO,SEA,20/04/2023 23:17,21/04/2023 04:07,0,TRUE,37,Other,Business,2.4,324.82,218.72,6698.42,-6154.88
